Acanthognathus/usnment00445730/usnment00445730_p_1_high.jpg 0
Acanthognathus/usnment00445730/usnment00445730_h_1_high.jpg 0
Acanthognathus/usnment00445730/usnment00445730_d_1_high.jpg 0
Acanthomyrmex/casent0911124/casent0911124_h_1_high.jpg 1
Acanthomyrmex/casent0911124/casent0911124_p_1_high.jpg 1
Acanthomyrmex/casent0911124/casent0911124_d_1_high.jpg 1
Acanthoponera/castype06889/castype06889_p_1_high.jpg 2
Acanthoponera/castype06889/castype06889_h_1_high.jpg 2
Acanthoponera/castype06889/castype06889_d_1_high.jpg 2
Acanthostichus/smnsdo5205-3/smnsdo5205-3_d_1_high.jpg 3
Acanthostichus/smnsdo5205-3/smnsdo5205-3_p_1_high.jpg 3
Acanthostichus/smnsdo5205-3/smnsdo5205-3_h_1_high.jpg 3
Acropyga/usnment01124202/usnment01124202_p_1_high.jpg 4
Acropyga/usnment01124202/usnment01124202_h_1_high.jpg 4
Acropyga/usnment01124202/usnment01124202_d_1_high.jpg 4
Adelomyrmex/usnment00531590/usnment00531590_d_1_high.jpg 5
Adelomyrmex/usnment00531590/usnment00531590_p_1_high.jpg 5
Adelomyrmex/usnment00531590/usnment00531590_h_1_high.jpg 5
Adetomyrma/mcztype34786/mcztype34786_d_1_high.jpg 6
Adetomyrma/mcztype34786/mcztype34786_h_1_high.jpg 6
Adetomyrma/mcztype34786/mcztype34786_p_1_high.jpg 6
Adlerzia/qmt120169/qmt120169_d_1_high.jpg 7
Adlerzia/qmt120169/qmt120169_p_1_high.jpg 7
Adlerzia/qmt120169/qmt120169_h_1_high.jpg 7
Alloformica/casent0915629/casent0915629_h_1_high.jpg 10
Alloformica/casent0915629/casent0915629_d_1_high.jpg 10
Alloformica/casent0915629/casent0915629_p_1_high.jpg 10
Allomerus/usnment01124200/usnment01124200_p_1_high.jpg 11
Allomerus/usnment01124200/usnment01124200_d_1_high.jpg 11
Allomerus/usnment01124200/usnment01124200_h_1_high.jpg 11
Amblyopone/qmt152688/qmt152688_p_1_high.jpg 12
Amblyopone/qmt152688/qmt152688_d_1_high.jpg 12
Amblyopone/qmt152688/qmt152688_h_1_high.jpg 12
Anillidris/casent0911457/casent0911457_d_1_high.jpg 15
Anillidris/casent0911457/casent0911457_h_1_high.jpg 15
Anillidris/casent0911457/casent0911457_p_1_high.jpg 15
Anillomyrma/casent0904590/casent0904590_p_1_high.jpg 16
Anillomyrma/casent0904590/casent0904590_d_1_high.jpg 16
Anillomyrma/casent0904590/casent0904590_h_1_high.jpg 16
Ankylomyrma/casent0912871/casent0912871_p_1_high.jpg 17
Ankylomyrma/casent0912871/casent0912871_d_1_high.jpg 17
Ankylomyrma/casent0912871/casent0912871_h_1_high.jpg 17
Aphomomyrmex/casent0911595/casent0911595_d_1_high.jpg 21
Aphomomyrmex/casent0911595/casent0911595_p_1_high.jpg 21
Aphomomyrmex/casent0911595/casent0911595_h_1_high.jpg 21
Apterostigma/usnment01124247/usnment01124247_p_1_high.jpg 23
Apterostigma/usnment01124247/usnment01124247_d_1_high.jpg 23
Apterostigma/usnment01124247/usnment01124247_h_1_high.jpg 23
Arnoldius/focol0177-6/focol0177-6_d_1_high.jpg 25
Arnoldius/focol0177-6/focol0177-6_h_1_high.jpg 25
Arnoldius/focol0177-6/focol0177-6_p_1_high.jpg 25
Asphinctopone/casent0915481/casent0915481_h_1_high.jpg 26
Asphinctopone/casent0915481/casent0915481_d_1_high.jpg 26
Asphinctopone/casent0915481/casent0915481_p_1_high.jpg 26
Atopomyrmex/rmcaent000017777/rmcaent000017777_h_1_high.jpg 27
Atopomyrmex/rmcaent000017777/rmcaent000017777_p_1_high.jpg 27
Atopomyrmex/rmcaent000017777/rmcaent000017777_d_1_high.jpg 27
Atta/usnment01124206/usnment01124206_p_1_high.jpg 28
Atta/usnment01124206/usnment01124206_h_1_high.jpg 28
Atta/usnment01124206/usnment01124206_d_1_high.jpg 28
Axinidris/casent0911586/casent0911586_p_1_high.jpg 30
Axinidris/casent0911586/casent0911586_h_1_high.jpg 30
Axinidris/casent0911586/casent0911586_d_1_high.jpg 30
Bajcaridris/focol2973/focol2973_p_1_high.jpg 31
Bajcaridris/focol2973/focol2973_d_1_high.jpg 31
Bajcaridris/focol2973/focol2973_h_1_high.jpg 31
Baracidris/casent0901014/casent0901014_h_1_high.jpg 32
Baracidris/casent0901014/casent0901014_d_1_high.jpg 32
Baracidris/casent0901014/casent0901014_p_1_high.jpg 32
Basiceros/usnment00412263/usnment00412263_h_1_high.jpg 33
Basiceros/usnment00412263/usnment00412263_p_1_high.jpg 33
Basiceros/usnment00412263/usnment00412263_d_1_high.jpg 33
Belonopelta/casent0915936/casent0915936_d_1_high.jpg 34
Belonopelta/casent0915936/casent0915936_p_1_high.jpg 34
Belonopelta/casent0915936/casent0915936_h_1_high.jpg 34
Blepharidatta/casent0901664/casent0901664_p_1_high.jpg 35
Blepharidatta/casent0901664/casent0901664_h_1_high.jpg 35
Blepharidatta/casent0901664/casent0901664_d_1_high.jpg 35
Bothriomyrmex/mcz-ent00035850/mcz-ent00035850_d_1_high.jpg 37
Bothriomyrmex/mcz-ent00035850/mcz-ent00035850_p_1_high.jpg 37
Bothriomyrmex/mcz-ent00035850/mcz-ent00035850_h_1_high.jpg 37
Calyptomyrmex/rmcaent000017780/rmcaent000017780_p_1_high.jpg 41
Calyptomyrmex/rmcaent000017780/rmcaent000017780_d_1_high.jpg 41
Calyptomyrmex/rmcaent000017780/rmcaent000017780_h_1_high.jpg 41
Centromyrmex/sam-hym-c007975a/sam-hym-c007975a_p_1_high.jpg 42
Centromyrmex/sam-hym-c007975a/sam-hym-c007975a_d_1_high.jpg 42
Centromyrmex/sam-hym-c007975a/sam-hym-c007975a_h_1_high.jpg 42
Chimaeridris/casent0901258/casent0901258_d_1_high.jpg 45
Chimaeridris/casent0901258/casent0901258_h_1_high.jpg 45
Chimaeridris/casent0901258/casent0901258_p_1_high.jpg 45
Chronoxenus/focol2789/focol2789_p_1_high.jpg 46
Chronoxenus/focol2789/focol2789_d_1_high.jpg 46
Chronoxenus/focol2789/focol2789_h_1_high.jpg 46
Chrysapace/focol0376/focol0376_h_1_high.jpg 47
Chrysapace/focol0376/focol0376_p_1_high.jpg 47
Chrysapace/focol0376/focol0376_d_1_high.jpg 47
Cladomyrma/casent0905886/casent0905886_h_1_high.jpg 48
Cladomyrma/casent0905886/casent0905886_p_1_high.jpg 48
Cladomyrma/casent0905886/casent0905886_d_1_high.jpg 48
Colobostruma/psw10121-13/psw10121-13_h_1_high.jpg 49
Colobostruma/psw10121-13/psw10121-13_d_1_high.jpg 49
Colobostruma/psw10121-13/psw10121-13_p_1_high.jpg 49
Cryptomyrmex/usnment00688158/usnment00688158_p_1_high.jpg 50
Cryptomyrmex/usnment00688158/usnment00688158_h_1_high.jpg 50
Cryptomyrmex/usnment00688158/usnment00688158_d_1_high.jpg 50
Cryptopone/sam-hym-c010212/sam-hym-c010212_d_1_high.jpg 51
Cryptopone/sam-hym-c010212/sam-hym-c010212_p_1_high.jpg 51
Cryptopone/sam-hym-c010212/sam-hym-c010212_h_1_high.jpg 51
Cyphoidris/casent0911145/casent0911145_h_1_high.jpg 54
Cyphoidris/casent0911145/casent0911145_d_1_high.jpg 54
Cyphoidris/casent0911145/casent0911145_p_1_high.jpg 54
Dacatria/casent0904562/casent0904562_d_1_high.jpg 55
Dacatria/casent0904562/casent0904562_p_1_high.jpg 55
Dacatria/casent0904562/casent0904562_h_1_high.jpg 55
Dacetinops/casent0905849/casent0905849_h_1_high.jpg 56
Dacetinops/casent0905849/casent0905849_p_1_high.jpg 56
Dacetinops/casent0905849/casent0905849_d_1_high.jpg 56
Daceton/usnment01124211/usnment01124211_d_1_high.jpg 57
Daceton/usnment01124211/usnment01124211_h_1_high.jpg 57
Daceton/usnment01124211/usnment01124211_p_1_high.jpg 57
Dicroaspis/rmcaent000017781/rmcaent000017781_p_1_high.jpg 59
Dicroaspis/rmcaent000017781/rmcaent000017781_d_1_high.jpg 59
Dicroaspis/rmcaent000017781/rmcaent000017781_h_1_high.jpg 59
Dinomyrmex/casent0905186/casent0905186_h_1_high.jpg 61
Dinomyrmex/casent0905186/casent0905186_d_1_high.jpg 61
Dinomyrmex/casent0905186/casent0905186_p_1_high.jpg 61
Dinoponera/fmnhins0000050367/fmnhins0000050367_d_1_high.jpg 62
Dinoponera/fmnhins0000050367/fmnhins0000050367_p_1_high.jpg 62
Dinoponera/fmnhins0000050367/fmnhins0000050367_h_1_high.jpg 62
Diplomorium/casent0916035/casent0916035_d_1_high.jpg 63
Diplomorium/casent0916035/casent0916035_p_1_high.jpg 63
Diplomorium/casent0916035/casent0916035_h_1_high.jpg 63
Discothyrea/usnment01124237/usnment01124237_h_1_high.jpg 64
Discothyrea/usnment01124237/usnment01124237_d_1_high.jpg 64
Discothyrea/usnment01124237/usnment01124237_p_1_high.jpg 64
Doleromyrma/focol2833/focol2833_d_1_high.jpg 65
Doleromyrma/focol2833/focol2833_p_1_high.jpg 65
Doleromyrma/focol2833/focol2833_h_1_high.jpg 65
Dolopomyrmex/casent0178568/casent0178568_h_1_high.jpg 67
Dolopomyrmex/casent0178568/casent0178568_d_1_high.jpg 67
Dolopomyrmex/casent0178568/casent0178568_p_1_high.jpg 67
Eburopone/casent0907055/casent0907055_d_1_high.jpg 68
Eburopone/casent0907055/casent0907055_h_1_high.jpg 68
Eburopone/casent0907055/casent0907055_p_1_high.jpg 68
Echinopla/psw10133-9/psw10133-9_d_1_high.jpg 69
Echinopla/psw10133-9/psw10133-9_h_1_high.jpg 69
Echinopla/psw10133-9/psw10133-9_p_1_high.jpg 69
Ectatomma/usnment01124232/usnment01124232_d_1_high.jpg 71
Ectatomma/usnment01124232/usnment01124232_p_1_high.jpg 71
Ectatomma/usnment01124232/usnment01124232_h_1_high.jpg 71
Ectomomyrmex/focol0962/focol0962_p_1_high.jpg 72
Ectomomyrmex/focol0962/focol0962_d_1_high.jpg 72
Ectomomyrmex/focol0962/focol0962_h_1_high.jpg 72
Emeryopone/casent0915184/casent0915184_h_1_high.jpg 73
Emeryopone/casent0915184/casent0915184_p_1_high.jpg 73
Emeryopone/casent0915184/casent0915184_d_1_high.jpg 73
Epopostruma/casent0914667/casent0914667_d_1_high.jpg 74
Epopostruma/casent0914667/casent0914667_p_1_high.jpg 74
Epopostruma/casent0914667/casent0914667_h_1_high.jpg 74
Erromyrma/casent0922300/casent0922300_h_1_high.jpg 75
Erromyrma/casent0922300/casent0922300_d_1_high.jpg 75
Erromyrma/casent0922300/casent0922300_p_1_high.jpg 75
Euponera/sam-hym-c006243a/sam-hym-c006243a_p_1_high.jpg 76
Euponera/sam-hym-c006243a/sam-hym-c006243a_d_1_high.jpg 76
Euponera/sam-hym-c006243a/sam-hym-c006243a_h_1_high.jpg 76
Eurhopalothrix/usnment01124290/usnment01124290_d_1_high.jpg 78
Eurhopalothrix/usnment01124290/usnment01124290_p_1_high.jpg 78
Eurhopalothrix/usnment01124290/usnment01124290_h_1_high.jpg 78
Eusphinctus/casent0907046/casent0907046_h_1_high.jpg 79
Eusphinctus/casent0907046/casent0907046_p_1_high.jpg 79
Eusphinctus/casent0907046/casent0907046_d_1_high.jpg 79
Forelius/psw14182-1/psw14182-1_p_1_high.jpg 82
Forelius/psw14182-1/psw14182-1_d_1_high.jpg 82
Forelius/psw14182-1/psw14182-1_h_1_high.jpg 82
Formicoxenus/focol2046/focol2046_d_1_high.jpg 83
Formicoxenus/focol2046/focol2046_p_1_high.jpg 83
Formicoxenus/focol2046/focol2046_h_1_high.jpg 83
Froggattella/focol2791/focol2791_h_1_high.jpg 84
Froggattella/focol2791/focol2791_d_1_high.jpg 84
Froggattella/focol2791/focol2791_p_1_high.jpg 84
Gauromyrmex/casent0172789/casent0172789_d_1_high.jpg 86
Gauromyrmex/casent0172789/casent0172789_h_1_high.jpg 86
Gauromyrmex/casent0172789/casent0172789_p_1_high.jpg 86
Gigantiops/usnment00418379/usnment00418379_p_1_high.jpg 88
Gigantiops/usnment00418379/usnment00418379_d_1_high.jpg 88
Gigantiops/usnment00418379/usnment00418379_h_1_high.jpg 88
Goniomma/casent0916044/casent0916044_d_1_high.jpg 89
Goniomma/casent0916044/casent0916044_p_1_high.jpg 89
Goniomma/casent0916044/casent0916044_h_2_high.jpg 89
Gracilidris/mcz34776/mcz34776_p_1_high.jpg 90
Gracilidris/mcz34776/mcz34776_d_1_high.jpg 90
Gracilidris/mcz34776/mcz34776_h_1_high.jpg 90
Hagensia/sam-hym-c011643b/sam-hym-c011643b_p_1_high.jpg 91
Hagensia/sam-hym-c011643b/sam-hym-c011643b_d_1_high.jpg 91
Hagensia/sam-hym-c011643b/sam-hym-c011643b_h_1_high.jpg 91
Harpagoxenus/focol2045/focol2045_p_1_high.jpg 92
Harpagoxenus/focol2045/focol2045_h_1_high.jpg 92
Harpagoxenus/focol2045/focol2045_d_1_high.jpg 92
Harpegnathos/casent0915652/casent0915652_d_1_high.jpg 93
Harpegnathos/casent0915652/casent0915652_p_1_high.jpg 93
Harpegnathos/casent0915652/casent0915652_h_1_high.jpg 93
Heteroponera/ufv-labecol-007242/ufv-labecol-007242_h_1_high.jpg 94
Heteroponera/ufv-labecol-007242/ufv-labecol-007242_p_1_high.jpg 94
Heteroponera/ufv-labecol-007242/ufv-labecol-007242_d_1_high.jpg 94
Hylomyrma/usnment01124228/usnment01124228_d_1_high.jpg 96
Hylomyrma/usnment01124228/usnment01124228_p_1_high.jpg 96
Hylomyrma/usnment01124228/usnment01124228_h_1_high.jpg 96
Indomyrma/casent0900976/casent0900976_h_1_high.jpg 98
Indomyrma/casent0900976/casent0900976_p_1_high.jpg 98
Indomyrma/casent0900976/casent0900976_d_1_high.jpg 98
Ishakidris/casent0249428/casent0249428_d_1_high.jpg 99
Ishakidris/casent0249428/casent0249428_h_1_high.jpg 99
Ishakidris/casent0249428/casent0249428_p_1_high.jpg 99
Kalathomyrmex/psw12459-24/psw12459-24_d_1_high.jpg 100
Kalathomyrmex/psw12459-24/psw12459-24_h_1_high.jpg 100
Kalathomyrmex/psw12459-24/psw12459-24_p_1_high.jpg 100
Labidus/usnment01124236/usnment01124236_p_1_high.jpg 102
Labidus/usnment01124236/usnment01124236_d_1_high.jpg 102
Labidus/usnment01124236/usnment01124236_h_1_high.jpg 102
Lachnomyrmex/usnment01124283/usnment01124283_d_1_high.jpg 103
Lachnomyrmex/usnment01124283/usnment01124283_p_1_high.jpg 103
Lachnomyrmex/usnment01124283/usnment01124283_h_1_high.jpg 103
Lasiomyrma/casent0900982/casent0900982_d_1_high.jpg 104
Lasiomyrma/casent0900982/casent0900982_p_1_high.jpg 104
Lasiomyrma/casent0900982/casent0900982_h_1_high.jpg 104
Lasiophanes/casent0912332/casent0912332_d_1_high.jpg 105
Lasiophanes/casent0912332/casent0912332_p_1_high.jpg 105
Lasiophanes/casent0912332/casent0912332_h_1_high.jpg 105
Lenomyrmex/inb0003214454/inb0003214454_p_1_high.jpg 106
Lenomyrmex/inb0003214454/inb0003214454_d_1_high.jpg 106
Lenomyrmex/inb0003214454/inb0003214454_h_1_high.jpg 106
Leptanilla/focol1126/focol1126_p_1_high.jpg 107
Leptanilla/focol1126/focol1126_h_1_high.jpg 107
Leptanilla/focol1126/focol1126_d_1_high.jpg 107
Leptothorax/fmnhins0000062734/fmnhins0000062734_h_1_high.jpg 110
Leptothorax/fmnhins0000062734/fmnhins0000062734_p_1_high.jpg 110
Leptothorax/fmnhins0000062734/fmnhins0000062734_d_1_high.jpg 110
Linepithema/usnment00413851/usnment00413851_d_1_high.jpg 111
Linepithema/usnment00413851/usnment00413851_p_1_high.jpg 111
Linepithema/usnment00413851/usnment00413851_h_1_high.jpg 111
Lividopone/mcztype34810/mcztype34810_p_1_high.jpg 114
Lividopone/mcztype34810/mcztype34810_h_1_high.jpg 114
Lividopone/mcztype34810/mcztype34810_d_1_high.jpg 114
Loboponera/castype16756/castype16756_d_1_high.jpg 115
Loboponera/castype16756/castype16756_h_1_high.jpg 115
Loboponera/castype16756/castype16756_p_1_high.jpg 115
Lophomyrmex/focol1899/focol1899_d_1_high.jpg 116
Lophomyrmex/focol1899/focol1899_p_1_high.jpg 116
Lophomyrmex/focol1899/focol1899_h_1_high.jpg 116
Loweriella/casent0178492/casent0178492_p_1_high.jpg 118
Loweriella/casent0178492/casent0178492_d_1_high.jpg 118
Loweriella/casent0178492/casent0178492_h_1_high.jpg 118
Manica/casent0907664/casent0907664_p_1_high.jpg 120
Manica/casent0907664/casent0907664_h_1_high.jpg 120
Manica/casent0907664/casent0907664_d_1_high.jpg 120
Mayaponera/usnment00442104/usnment00442104_d_1_high.jpg 121
Mayaponera/usnment00442104/usnment00442104_p_1_high.jpg 121
Mayaponera/usnment00442104/usnment00442104_h_1_high.jpg 121
Mayriella/focol1942/focol1942_p_1_high.jpg 122
Mayriella/focol1942/focol1942_d_1_high.jpg 122
Mayriella/focol1942/focol1942_h_1_high.jpg 122
Megalomyrmex/usnment01124253/usnment01124253_d_1_high.jpg 123
Megalomyrmex/usnment01124253/usnment01124253_h_1_high.jpg 123
Megalomyrmex/usnment01124253/usnment01124253_p_1_high.jpg 123
Megaponera/sam-hym-c008323b/sam-hym-c008323b_d_1_high.jpg 124
Megaponera/sam-hym-c008323b/sam-hym-c008323b_h_1_high.jpg 124
Megaponera/sam-hym-c008323b/sam-hym-c008323b_p_1_high.jpg 124
Melissotarsus/casent0913763/casent0913763_h_1_high.jpg 125
Melissotarsus/casent0913763/casent0913763_d_1_high.jpg 125
Melissotarsus/casent0913763/casent0913763_p_1_high.jpg 125
Mesoponera/sam-hym-c007969/sam-hym-c007969_d_1_high.jpg 127
Mesoponera/sam-hym-c007969/sam-hym-c007969_h_1_high.jpg 127
Mesoponera/sam-hym-c007969/sam-hym-c007969_p_1_high.jpg 127
Mesostruma/qmt112783/qmt112783_d_1_high.jpg 128
Mesostruma/qmt112783/qmt112783_p_1_high.jpg 128
Mesostruma/qmt112783/qmt112783_h_1_high.jpg 128
Microdaceton/casent0914668/casent0914668_p_1_high.jpg 130
Microdaceton/casent0914668/casent0914668_d_1_high.jpg 130
Microdaceton/casent0914668/casent0914668_h_1_high.jpg 130
Mycetagroicus/casent0901690/casent0901690_d_1_high.jpg 131
Mycetagroicus/casent0901690/casent0901690_p_1_high.jpg 131
Mycetagroicus/casent0901690/casent0901690_h_1_high.jpg 131
Mycetarotes/casent0909385/casent0909385_d_1_high.jpg 132
Mycetarotes/casent0909385/casent0909385_h_1_high.jpg 132
Mycetarotes/casent0909385/casent0909385_p_1_high.jpg 132
Mycetophylax/usnment00445505/usnment00445505_d_1_high.jpg 133
Mycetophylax/usnment00445505/usnment00445505_h_1_high.jpg 133
Mycetophylax/usnment00445505/usnment00445505_p_1_high.jpg 133
Mycetosoritis/casent0922151/casent0922151_d_1_high.jpg 134
Mycetosoritis/casent0922151/casent0922151_p_1_high.jpg 134
Mycetosoritis/casent0922151/casent0922151_h_1_high.jpg 134
Mycocepurus/usnment01124242/usnment01124242_p_1_high.jpg 135
Mycocepurus/usnment01124242/usnment01124242_d_1_high.jpg 135
Mycocepurus/usnment01124242/usnment01124242_h_1_high.jpg 135
Myrmecina/focol1947/focol1947_h_1_high.jpg 139
Myrmecina/focol1947/focol1947_d_1_high.jpg 139
Myrmecina/focol1947/focol1947_p_1_high.jpg 139
Myrmecocystus/fmnhins0000083106/fmnhins0000083106_d_1_high.jpg 140
Myrmecocystus/fmnhins0000083106/fmnhins0000083106_h_1_high.jpg 140
Myrmecocystus/fmnhins0000083106/fmnhins0000083106_p_1_high.jpg 140
Myrmicaria/zmuc00045103/zmuc00045103_h_1_high.jpg 142
Myrmicaria/zmuc00045103/zmuc00045103_d_1_high.jpg 142
Myrmicaria/zmuc00045103/zmuc00045103_p_1_high.jpg 142
Myrmicocrypta/usnment01124260/usnment01124260_d_1_high.jpg 143
Myrmicocrypta/usnment01124260/usnment01124260_p_1_high.jpg 143
Myrmicocrypta/usnment01124260/usnment01124260_h_1_high.jpg 143
Myrmoteras/fmnhins0000062663/fmnhins0000062663_h_1_high.jpg 144
Myrmoteras/fmnhins0000062663/fmnhins0000062663_d_1_high.jpg 144
Myrmoteras/fmnhins0000062663/fmnhins0000062663_p_1_high.jpg 144
Nebothriomyrmex/casent0249755/casent0249755_p_1_high.jpg 145
Nebothriomyrmex/casent0249755/casent0249755_h_1_high.jpg 145
Nebothriomyrmex/casent0249755/casent0249755_d_1_high.jpg 145
Neocerapachys/lacment142669/lacment142669_d_1_high.jpg 146
Neocerapachys/lacment142669/lacment142669_h_1_high.jpg 146
Neocerapachys/lacment142669/lacment142669_p_1_high.jpg 146
Neoponera/usnment01124301/usnment01124301_h_1_high.jpg 147
Neoponera/usnment01124301/usnment01124301_p_1_high.jpg 147
Neoponera/usnment01124301/usnment01124301_d_1_high.jpg 147
Notoncus/focol2964/focol2964_d_1_high.jpg 150
Notoncus/focol2964/focol2964_h_1_high.jpg 150
Notoncus/focol2964/focol2964_p_1_high.jpg 150
Notostigma/casent0909945/casent0909945_p_1_high.jpg 151
Notostigma/casent0909945/casent0909945_h_1_high.jpg 151
Notostigma/casent0909945/casent0909945_d_1_high.jpg 151
Novomessor/fmnhins0000062990/fmnhins0000062990_p_1_high.jpg 152
Novomessor/fmnhins0000062990/fmnhins0000062990_h_1_high.jpg 152
Novomessor/fmnhins0000062990/fmnhins0000062990_d_1_high.jpg 152
Ochetomyrmex/usnment01124258/usnment01124258_h_1_high.jpg 154
Ochetomyrmex/usnment01124258/usnment01124258_d_1_high.jpg 154
Ochetomyrmex/usnment01124258/usnment01124258_p_1_high.jpg 154
Octostruma/usnment01124287/usnment01124287_d_1_high.jpg 155
Octostruma/usnment01124287/usnment01124287_h_1_high.jpg 155
Octostruma/usnment01124287/usnment01124287_p_1_high.jpg 155
Odontoponera/casent0919898/casent0919898_d_1_high.jpg 157
Odontoponera/casent0919898/casent0919898_p_1_high.jpg 157
Odontoponera/casent0919898/casent0919898_h_1_high.jpg 157
Oecophylla/zmuc00517992/zmuc00517992_p_1_high.jpg 158
Oecophylla/zmuc00517992/zmuc00517992_h_1_high.jpg 158
Oecophylla/zmuc00517992/zmuc00517992_d_1_high.jpg 158
Onychomyrmex/casent0907336/casent0907336_p_1_high.jpg 159
Onychomyrmex/casent0907336/casent0907336_h_1_high.jpg 159
Onychomyrmex/casent0907336/casent0907336_d_1_high.jpg 159
Ooceraea/focol0803/focol0803_h_1_high.jpg 160
Ooceraea/focol0803/focol0803_p_1_high.jpg 160
Ooceraea/focol0803/focol0803_d_1_high.jpg 160
Ophthalmopone/sam-hym-c010509a/sam-hym-c010509a_p_1_high.jpg 161
Ophthalmopone/sam-hym-c010509a/sam-hym-c010509a_h_1_high.jpg 161
Ophthalmopone/sam-hym-c010509a/sam-hym-c010509a_d_1_high.jpg 161
Opisthopsis/casent0909944/casent0909944_p_1_high.jpg 162
Opisthopsis/casent0909944/casent0909944_h_1_high.jpg 162
Opisthopsis/casent0909944/casent0909944_d_1_high.jpg 162
Orectognathus/csironc0001/csironc0001_h_1_high.jpg 163
Orectognathus/csironc0001/csironc0001_p_1_high.jpg 163
Orectognathus/csironc0001/csironc0001_d_1_high.jpg 163
Oxyepoecus/casent0916036/casent0916036_p_1_high.jpg 165
Oxyepoecus/casent0916036/casent0916036_d_1_high.jpg 165
Oxyepoecus/casent0916036/casent0916036_h_1_high.jpg 165
Pachycondyla/usnment00414071/usnment00414071_p_1_high.jpg 167
Pachycondyla/usnment00414071/usnment00414071_h_1_high.jpg 167
Pachycondyla/usnment00414071/usnment00414071_d_1_high.jpg 167
Paltothyreus/zmuc00045124/zmuc00045124_d_1_high.jpg 168
Paltothyreus/zmuc00045124/zmuc00045124_h_1_high.jpg 168
Paltothyreus/zmuc00045124/zmuc00045124_p_1_high.jpg 168
Paramycetophylax/casent0912506/casent0912506_d_1_high.jpg 170
Paramycetophylax/casent0912506/casent0912506_h_1_high.jpg 170
Paramycetophylax/casent0912506/casent0912506_p_1_high.jpg 170
Paraparatrechina/focol2733/focol2733_h_1_high.jpg 171
Paraparatrechina/focol2733/focol2733_p_1_high.jpg 171
Paraparatrechina/focol2733/focol2733_d_1_high.jpg 171
Paraponera/smnsdo4112/smnsdo4112_d_1_high.jpg 172
Paraponera/smnsdo4112/smnsdo4112_h_1_high.jpg 172
Paraponera/smnsdo4112/smnsdo4112_p_2_high.jpg 172
Parasyscia/rmcaent000017719/rmcaent000017719_d_1_high.jpg 173
Parasyscia/rmcaent000017719/rmcaent000017719_h_1_high.jpg 173
Parasyscia/rmcaent000017719/rmcaent000017719_p_1_high.jpg 173
Parvaponera/sam-hym-c009937/sam-hym-c009937_d_1_high.jpg 176
Parvaponera/sam-hym-c009937/sam-hym-c009937_p_1_high.jpg 176
Parvaponera/sam-hym-c009937/sam-hym-c009937_h_1_high.jpg 176
Perissomyrmex/psw11581-5/psw11581-5_d_1_high.jpg 178
Perissomyrmex/psw11581-5/psw11581-5_h_1_high.jpg 178
Perissomyrmex/psw11581-5/psw11581-5_p_1_high.jpg 178
Petalomyrmex/casent0281158/casent0281158_h_1_high.jpg 180
Petalomyrmex/casent0281158/casent0281158_d_1_high.jpg 180
Petalomyrmex/casent0281158/casent0281158_p_1_high.jpg 180
Phalacromyrmex/casent0235252/casent0235252_p_1_high.jpg 181
Phalacromyrmex/casent0235252/casent0235252_d_1_high.jpg 181
Phalacromyrmex/casent0235252/casent0235252_h_1_high.jpg 181
Philidris/castype06973/castype06973_d_1_high.jpg 183
Philidris/castype06973/castype06973_h_1_high.jpg 183
Philidris/castype06973/castype06973_p_1_high.jpg 183
Phrynoponera/sam-hym-c010477/sam-hym-c010477_h_1_high.jpg 184
Phrynoponera/sam-hym-c010477/sam-hym-c010477_p_1_high.jpg 184
Phrynoponera/sam-hym-c010477/sam-hym-c010477_d_1_high.jpg 184
Plectroctena/sam-hym-c009585a/sam-hym-c009585a_p_1_high.jpg 186
Plectroctena/sam-hym-c009585a/sam-hym-c009585a_d_1_high.jpg 186
Plectroctena/sam-hym-c009585a/sam-hym-c009585a_h_1_high.jpg 186
Polyergus/focol2966/focol2966_p_1_high.jpg 189
Polyergus/focol2966/focol2966_h_1_high.jpg 189
Polyergus/focol2966/focol2966_d_1_high.jpg 189
Ponera/mcz-ent00593416/mcz-ent00593416_d_1_high.jpg 190
Ponera/mcz-ent00593416/mcz-ent00593416_h_1_high.jpg 190
Ponera/mcz-ent00593416/mcz-ent00593416_p_1_high.jpg 190
Prenolepis/nhmw1984-31-142/nhmw1984-31-142_h_1_high.jpg 191
Prenolepis/nhmw1984-31-142/nhmw1984-31-142_d_1_high.jpg 191
Prenolepis/nhmw1984-31-142/nhmw1984-31-142_p_1_high.jpg 191
Proatta/focol2193/focol2193_p_1_high.jpg 193
Proatta/focol2193/focol2193_h_1_high.jpg 193
Proatta/focol2193/focol2193_d_1_high.jpg 193
Procryptocerus/ufv-labecol-007268/ufv-labecol-007268_p_1_high.jpg 195
Procryptocerus/ufv-labecol-007268/ufv-labecol-007268_d_1_high.jpg 195
Procryptocerus/ufv-labecol-007268/ufv-labecol-007268_h_1_high.jpg 195
Proformica/focol1866-3/focol1866-3_p_1_high.jpg 196
Proformica/focol1866-3/focol1866-3_d_1_high.jpg 196
Proformica/focol1866-3/focol1866-3_h_1_high.jpg 196
Prolasius/casent0913755/casent0913755_d_1_high.jpg 197
Prolasius/casent0913755/casent0913755_h_1_high.jpg 197
Prolasius/casent0913755/casent0913755_p_1_high.jpg 197
Promyopias/casent0915173/casent0915173_h_1_high.jpg 198
Promyopias/casent0915173/casent0915173_d_1_high.jpg 198
Promyopias/casent0915173/casent0915173_p_1_high.jpg 198
Protanilla/casent0911228/casent0911228_d_1_high.jpg 200
Protanilla/casent0911228/casent0911228_h_1_high.jpg 200
Protanilla/casent0911228/casent0911228_p_1_high.jpg 200
Pseudonotoncus/casent0903252/casent0903252_d_1_high.jpg 205
Pseudonotoncus/casent0903252/casent0903252_h_1_high.jpg 205
Pseudonotoncus/casent0903252/casent0903252_p_1_high.jpg 205
Pseudoponera/usnment00534792/usnment00534792_h_1_high.jpg 206
Pseudoponera/usnment00534792/usnment00534792_d_1_high.jpg 206
Pseudoponera/usnment00534792/usnment00534792_p_1_high.jpg 206
Rasopone/usnment00445647/usnment00445647_d_1_high.jpg 207
Rasopone/usnment00445647/usnment00445647_h_1_high.jpg 207
Rasopone/usnment00445647/usnment00445647_p_1_high.jpg 207
Recurvidris/thnhm-i2015-000295/thnhm-i2015-000295_p_1_high.jpg 209
Recurvidris/thnhm-i2015-000295/thnhm-i2015-000295_d_1_high.jpg 209
Recurvidris/thnhm-i2015-000295/thnhm-i2015-000295_h_1_high.jpg 209
Rhopalomastix/focol2102/focol2102_h_1_high.jpg 210
Rhopalomastix/focol2102/focol2102_d_1_high.jpg 210
Rhopalomastix/focol2102/focol2102_p_1_high.jpg 210
Romblonella/casent0904852/casent0904852_d_1_high.jpg 213
Romblonella/casent0904852/casent0904852_p_1_high.jpg 213
Romblonella/casent0904852/casent0904852_h_1_high.jpg 213
Rostromyrmex/focol2981/focol2981_p_1_high.jpg 215
Rostromyrmex/focol2981/focol2981_h_1_high.jpg 215
Rostromyrmex/focol2981/focol2981_d_1_high.jpg 215
Rotastruma/casent0901995/casent0901995_h_1_high.jpg 216
Rotastruma/casent0901995/casent0901995_d_1_high.jpg 216
Rotastruma/casent0901995/casent0901995_p_1_high.jpg 216
Royidris/casent0906901/casent0906901_h_1_high.jpg 217
Royidris/casent0906901/casent0906901_p_1_high.jpg 217
Royidris/casent0906901/casent0906901_d_1_high.jpg 217
Scyphodon/mcz15112w/mcz15112w_d_1_high.jpg 218
Scyphodon/mcz15112w/mcz15112w_h_1_high.jpg 218
Scyphodon/mcz15112w/mcz15112w_p_1_high.jpg 218
Sericomyrmex/usnment01124309/usnment01124309_d_1_high.jpg 219
Sericomyrmex/usnment01124309/usnment01124309_h_1_high.jpg 219
Sericomyrmex/usnment01124309/usnment01124309_p_1_high.jpg 219
Simopone/rmcaent000017724/rmcaent000017724_p_1_high.jpg 221
Simopone/rmcaent000017724/rmcaent000017724_h_1_high.jpg 221
Simopone/rmcaent000017724/rmcaent000017724_d_1_high.jpg 221
Sphinctomyrmex/casent0352813/casent0352813_p_1_high.jpg 222
Sphinctomyrmex/casent0352813/casent0352813_h_1_high.jpg 222
Sphinctomyrmex/casent0352813/casent0352813_d_1_high.jpg 222
Stegomyrmex/inb0003692959/inb0003692959_p_1_high.jpg 223
Stegomyrmex/inb0003692959/inb0003692959_d_1_high.jpg 223
Stegomyrmex/inb0003692959/inb0003692959_h_1_high.jpg 223
Stigmacros/psw8215-2/psw8215-2_d_1_high.jpg 225
Stigmacros/psw8215-2/psw8215-2_h_1_high.jpg 225
Stigmacros/psw8215-2/psw8215-2_p_1_high.jpg 225
Strongylognathus/mb619-2/mb619-2_d_1_high.jpg 227
Strongylognathus/mb619-2/mb619-2_h_1_high.jpg 227
Strongylognathus/mb619-2/mb619-2_p_1_high.jpg 227
Syllophopsis/casent0919907/casent0919907_p_1_high.jpg 228
Syllophopsis/casent0919907/casent0919907_h_1_high.jpg 228
Syllophopsis/casent0919907/casent0919907_d_1_high.jpg 228
Syscia/focol0804/focol0804_d_1_high.jpg 229
Syscia/focol0804/focol0804_p_1_high.jpg 229
Syscia/focol0804/focol0804_h_1_high.jpg 229
Tapinolepis/focol2898/focol2898_d_1_high.jpg 232
Tapinolepis/focol2898/focol2898_h_1_high.jpg 232
Tapinolepis/focol2898/focol2898_p_1_high.jpg 232
Tatuidris/psw7891-9/psw7891-9_d_1_high.jpg 233
Tatuidris/psw7891-9/psw7891-9_h_1_high.jpg 233
Tatuidris/psw7891-9/psw7891-9_p_1_high.jpg 233
Terataner/casent0913015/casent0913015_h_1_high.jpg 234
Terataner/casent0913015/casent0913015_p_1_high.jpg 234
Terataner/casent0913015/casent0913015_d_1_high.jpg 234
Teratomyrmex/qmt162820/qmt162820_p_1_high.jpg 235
Teratomyrmex/qmt162820/qmt162820_d_1_high.jpg 235
Teratomyrmex/qmt162820/qmt162820_h_1_high.jpg 235
Tetheamyrma/casent0900983/casent0900983_p_1_high.jpg 236
Tetheamyrma/casent0900983/casent0900983_h_1_high.jpg 236
Tetheamyrma/casent0900983/casent0900983_d_1_high.jpg 236
Thaumatomyrmex/usnment01124293/usnment01124293_p_1_high.jpg 237
Thaumatomyrmex/usnment01124293/usnment01124293_h_1_high.jpg 237
Thaumatomyrmex/usnment01124293/usnment01124293_d_1_high.jpg 237
Trachymyrmex/usnment01124317/usnment01124317_d_1_high.jpg 238
Trachymyrmex/usnment01124317/usnment01124317_p_1_high.jpg 238
Trachymyrmex/usnment01124317/usnment01124317_h_1_high.jpg 238
Tranopelta/usnment00445763/usnment00445763_h_1_high.jpg 239
Tranopelta/usnment00445763/usnment00445763_d_1_high.jpg 239
Tranopelta/usnment00445763/usnment00445763_p_1_high.jpg 239
Trichomyrmex/focol1719-2/focol1719-2_h_1_high.jpg 240
Trichomyrmex/focol1719-2/focol1719-2_d_1_high.jpg 240
Trichomyrmex/focol1719-2/focol1719-2_p_1_high.jpg 240
Turneria/focol2790/focol2790_h_1_high.jpg 241
Turneria/focol2790/focol2790_d_1_high.jpg 241
Turneria/focol2790/focol2790_p_1_high.jpg 241
Typhlomyrmex/usnment00441015/usnment00441015_h_1_high.jpg 242
Typhlomyrmex/usnment00441015/usnment00441015_p_1_high.jpg 242
Typhlomyrmex/usnment00441015/usnment00441015_d_1_high.jpg 242
Tyrannomyrmex/casent0901021/casent0901021_h_1_high.jpg 243
Tyrannomyrmex/casent0901021/casent0901021_p_1_high.jpg 243
Tyrannomyrmex/casent0901021/casent0901021_d_1_high.jpg 243
Veromessor/fmnhins0000062728/fmnhins0000062728_h_1_high.jpg 244
Veromessor/fmnhins0000062728/fmnhins0000062728_p_1_high.jpg 244
Veromessor/fmnhins0000062728/fmnhins0000062728_d_1_high.jpg 244
Vicinopone/casent0902700/casent0902700_d_1_high.jpg 245
Vicinopone/casent0902700/casent0902700_p_1_high.jpg 245
Vicinopone/casent0902700/casent0902700_h_1_high.jpg 245
Vitsika/casent0914211/casent0914211_h_1_high.jpg 246
Vitsika/casent0914211/casent0914211_p_1_high.jpg 246
Vitsika/casent0914211/casent0914211_d_1_high.jpg 246
Vombisidris/psw4356-12/psw4356-12_h_1_high.jpg 247
Vombisidris/psw4356-12/psw4356-12_p_1_high.jpg 247
Vombisidris/psw4356-12/psw4356-12_d_1_high.jpg 247
Wasmannia/usnment00445870/usnment00445870_d_1_high.jpg 248
Wasmannia/usnment00445870/usnment00445870_h_1_high.jpg 248
Wasmannia/usnment00445870/usnment00445870_p_1_high.jpg 248
Xenomyrmex/usnment01124291/usnment01124291_d_1_high.jpg 249
Xenomyrmex/usnment01124291/usnment01124291_p_1_high.jpg 249
Xenomyrmex/usnment01124291/usnment01124291_h_1_high.jpg 249
Yunodorylus/casent0902717/casent0902717_p_1_high.jpg 252
Yunodorylus/casent0902717/casent0902717_d_1_high.jpg 252
Yunodorylus/casent0902717/casent0902717_h_1_high.jpg 252
Zasphinctus/ufv-labecol-007243/ufv-labecol-007243_h_1_high.jpg 253
Zasphinctus/ufv-labecol-007243/ufv-labecol-007243_d_1_high.jpg 253
Zasphinctus/ufv-labecol-007243/ufv-labecol-007243_p_1_high.jpg 253
Zatania/focol2732/focol2732_p_1_high.jpg 254
Zatania/focol2732/focol2732_d_1_high.jpg 254
Zatania/focol2732/focol2732_h_1_high.jpg 254
